{
  "compilations": {
    "nn_training_bench": [
      {
        "elapsed_s": 0.09112480000476353,
        "nodes": 5,
        "edges": 3,
        "timestamp": 1780826567.8651888
      }
    ],
    "nn_inference_bench": [
      {
        "elapsed_s": 0.002291699987836182,
        "nodes": 5,
        "edges": 3,
        "timestamp": 1780826567.9162776
      }
    ]
  },
  "executions": {}
}